ROC_AUC_mean,ROC_AUC_std,Accuracy_mean,Precision_mean,Recall_mean,F1_mean,MCC_mean
0.7769661792049851,0.03830306076865465,0.7367438867438867,0.7472283248746766,0.8461103573043871,0.7928895188458711,0.4436432435300771
